1,http://www.hngp.gov.cn/webfile/ruzhou/cgxx/jggg/webinfo/2017/05/1494846043835740.htm
2,http://www.hngp.gov.cn/webfile/xinyang/cgxx/jggg/webinfo/2017/05/1494846043649845.htm
3,http://www.hngp.gov.cn/webfile/zhumadian/cgxx/jggg/webinfo/2017/05/1494846043563941.htm
4,http://www.hngp.gov.cn/webfile/ruzhou/cgxx/jggg/webinfo/2017/05/1494846043783624.htm
5,http://www.hngp.gov.cn/webfile/xuchang/cgxx/jggg/webinfo/2017/05/1494846043525222.htm
6,http://www.hngp.gov.cn/webfile/xinyang/cgxx/jggg/webinfo/2017/05/1494846043704572.htm
7,http://www.hngp.gov.cn/webfile/xinyang/cgxx/jggg/webinfo/2017/05/1494846043580304.htm
8,http://www.hngp.gov.cn/webfile/xinyang/cgxx/jggg/webinfo/2017/05/1494846043511091.htm
9,http://www.hngp.gov.cn/webfile/xinxiang/cgxx/jggg/webinfo/2017/05/1494846043515811.htm
10,http://www.hngp.gov.cn/webfile/zhumadian/cgxx/jggg/webinfo/2017/05/1494846043423757.htm
11,http://www.hngp.gov.cn/webfile/nanyang/cgxx/jggg/webinfo/2017/05/1494846043378382.htm
12,http://www.hngp.gov.cn/webfile/pdslss/cgxx/jggg/webinfo/2017/05/1494846043338471.htm
13,http://www.hngp.gov.cn/webfile/nanyang/cgxx/jggg/webinfo/2017/05/1494846043331904.htm
14,http://www.hngp.gov.cn/webfile/zhumadian/cgxx/jggg/webinfo/2017/05/1494846043046647.htm
15,http://www.hngp.gov.cn/webfile/sanmenxia/cgxx/jggg/webinfo/2017/05/1494846043035469.htm
16,http://www.hngp.gov.cn/webfile/zhumadian/cgxx/jggg/webinfo/2017/05/1494846042999859.htm
17,http://www.hngp.gov.cn/webfile/sanmenxia/cgxx/jggg/webinfo/2017/05/1494846042987173.htm
18,http://www.hngp.gov.cn/webfile/erqi/cgxx/jggg/webinfo/2017/05/1494846042980656.htm
19,http://www.hngp.gov.cn/webfile/sanmenxia/cgxx/jggg/webinfo/2017/05/1494846042976097.htm
20,http://www.hngp.gov.cn/webfile/zhongmou/cgxx/jggg/webinfo/2017/05/1494846042929267.htm
21,http://www.hngp.gov.cn/webfile/erqi/cgxx/jggg/webinfo/2017/05/1494846042781628.htm
22,http://www.hngp.gov.cn/webfile/zhongmou/cgxx/jggg/webinfo/2017/05/1494846042701479.htm
23,http://www.hngp.gov.cn/webfile/luoyang/zgxx/jggg/webinfo/2017/05/1494846042768105.htm
24,http://www.hngp.gov.cn/webfile/luoyang/zgxx/jggg/webinfo/2017/05/1494846043233780.htm
25,http://www.hngp.gov.cn/webfile/dengfeng/cgxx/jggg/webinfo/2017/05/1494846042613175.htm
26,http://www.hngp.gov.cn/webfile/luoyang/zgxx/jggg/webinfo/2017/05/1494846042712956.htm
27,http://www.hngp.gov.cn/webfile/xinxiang/cgxx/jggg/webinfo/2017/05/1494846043209205.htm
28,http://www.hngp.gov.cn/webfile/sanmenxia/cgxx/jggg/webinfo/2017/05/1494846042575124.htm
29,http://www.hngp.gov.cn/webfile/sanmenxia/cgxx/jggg/webinfo/2017/05/1494846042990689.htm
30,http://www.hngp.gov.cn/webfile/nanyang/cgxx/jggg/webinfo/2017/05/1494846042522719.htm
