1,http://www.hngp.gov.cn/henan/content?infoId=1494846043835740&channelCode=D380202&bz=0
2,http://www.hngp.gov.cn/henan/content?infoId=1494846043649845&channelCode=H760602&bz=0
3,http://www.hngp.gov.cn/henan/content?infoId=1494846043563941&channelCode=H780602&bz=0
4,http://www.hngp.gov.cn/henan/content?infoId=1494846043783624&channelCode=D380202&bz=0
5,http://www.hngp.gov.cn/henan/content?infoId=1494846043525222&channelCode=H710202&bz=0
6,http://www.hngp.gov.cn/henan/content?infoId=1494846043704572&channelCode=H760602&bz=0
7,http://www.hngp.gov.cn/henan/content?infoId=1494846043580304&channelCode=H760602&bz=0
8,http://www.hngp.gov.cn/henan/content?infoId=1494846043511091&channelCode=H760602&bz=0
9,http://www.hngp.gov.cn/henan/content?infoId=1494846043515811&channelCode=H680202&bz=0
10,http://www.hngp.gov.cn/henan/content?infoId=1494846043423757&channelCode=H780602&bz=0
11,http://www.hngp.gov.cn/henan/content?infoId=1494846043378382&channelCode=H740602&bz=0
12,http://www.hngp.gov.cn/henan/content?infoId=1494846043338471&channelCode=D520202&bz=0
13,http://www.hngp.gov.cn/henan/content?infoId=1494846043331904&channelCode=H740602&bz=0
14,http://www.hngp.gov.cn/henan/content?infoId=1494846043046647&channelCode=H780602&bz=0
15,http://www.hngp.gov.cn/henan/content?infoId=1494846043035469&channelCode=H730202&bz=0
16,http://www.hngp.gov.cn/henan/content?infoId=1494846042999859&channelCode=H780602&bz=0
17,http://www.hngp.gov.cn/henan/content?infoId=1494846042987173&channelCode=H730202&bz=0
18,http://www.hngp.gov.cn/henan/content?infoId=1494846042980656&channelCode=D250202&bz=0
19,http://www.hngp.gov.cn/henan/content?infoId=1494846042976097&channelCode=H730202&bz=0
20,http://www.hngp.gov.cn/henan/content?infoId=1494846042929267&channelCode=D350202&bz=0
21,http://www.hngp.gov.cn/henan/content?infoId=1494846042781628&channelCode=D250202&bz=0
22,http://www.hngp.gov.cn/henan/content?infoId=1494846042701479&channelCode=D350202&bz=0
23,http://www.hngp.gov.cn/henan/content?infoId=1494846042768105&channelCode=H640102&bz=0
24,http://www.hngp.gov.cn/henan/content?infoId=1494846043233780&channelCode=H640102&bz=0
25,http://www.hngp.gov.cn/henan/content?infoId=1494846042613175&channelCode=D210202&bz=0
26,http://www.hngp.gov.cn/henan/content?infoId=1494846042712956&channelCode=H640102&bz=0
27,http://www.hngp.gov.cn/henan/content?infoId=1494846043209205&channelCode=H680202&bz=0
28,http://www.hngp.gov.cn/henan/content?infoId=1494846042575124&channelCode=H730202&bz=0
29,http://www.hngp.gov.cn/henan/content?infoId=1494846042990689&channelCode=H730202&bz=0
30,http://www.hngp.gov.cn/henan/content?infoId=1494846042522719&channelCode=H740602&bz=0
