1,http://www.hngp.gov.cn/webfile/zhumadian/cgxx/jggg/webinfo/2017/05/1494846043423757.htm
2,http://www.hngp.gov.cn/webfile/nanyang/cgxx/jggg/webinfo/2017/05/1494846043378382.htm
3,http://www.hngp.gov.cn/webfile/pdslss/cgxx/jggg/webinfo/2017/05/1494846043338471.htm
4,http://www.hngp.gov.cn/webfile/nanyang/cgxx/jggg/webinfo/2017/05/1494846043331904.htm
5,http://www.hngp.gov.cn/webfile/zhumadian/cgxx/jggg/webinfo/2017/05/1494846043046647.htm
6,http://www.hngp.gov.cn/webfile/sanmenxia/cgxx/jggg/webinfo/2017/05/1494846043035469.htm
7,http://www.hngp.gov.cn/webfile/zhumadian/cgxx/jggg/webinfo/2017/05/1494846042999859.htm
8,http://www.hngp.gov.cn/webfile/sanmenxia/cgxx/jggg/webinfo/2017/05/1494846042987173.htm
9,http://www.hngp.gov.cn/webfile/erqi/cgxx/jggg/webinfo/2017/05/1494846042980656.htm
10,http://www.hngp.gov.cn/webfile/sanmenxia/cgxx/jggg/webinfo/2017/05/1494846042976097.htm
11,http://www.hngp.gov.cn/webfile/zhongmou/cgxx/jggg/webinfo/2017/05/1494846042929267.htm
12,http://www.hngp.gov.cn/webfile/erqi/cgxx/jggg/webinfo/2017/05/1494846042781628.htm
13,http://www.hngp.gov.cn/webfile/zhongmou/cgxx/jggg/webinfo/2017/05/1494846042701479.htm
14,http://www.hngp.gov.cn/webfile/luoyang/zgxx/jggg/webinfo/2017/05/1494846042768105.htm
15,http://www.hngp.gov.cn/webfile/luoyang/zgxx/jggg/webinfo/2017/05/1494846043233780.htm
16,http://www.hngp.gov.cn/webfile/dengfeng/cgxx/jggg/webinfo/2017/05/1494846042613175.htm
17,http://www.hngp.gov.cn/webfile/luoyang/zgxx/jggg/webinfo/2017/05/1494846042712956.htm
18,http://www.hngp.gov.cn/webfile/xinxiang/cgxx/jggg/webinfo/2017/05/1494846043209205.htm
19,http://www.hngp.gov.cn/webfile/sanmenxia/cgxx/jggg/webinfo/2017/05/1494846042575124.htm
20,http://www.hngp.gov.cn/webfile/sanmenxia/cgxx/jggg/webinfo/2017/05/1494846042990689.htm
21,http://www.hngp.gov.cn/webfile/nanyang/cgxx/jggg/webinfo/2017/05/1494846042522719.htm
22,http://www.hngp.gov.cn/webfile/zhoukou/cgxx/jggg/webinfo/2017/05/1494846041662656.htm
23,http://www.hngp.gov.cn/webfile/luoyang/zgxx/jggg/webinfo/2017/05/1494846042466113.htm
24,http://www.hngp.gov.cn/webfile/jinshui/cgxx/jggg/webinfo/2017/05/1494846042433246.htm
25,http://www.hngp.gov.cn/webfile/xinyang/cgxx/jggg/webinfo/2017/05/1494846042435700.htm
26,http://www.hngp.gov.cn/webfile/nanyang/cgxx/jggg/webinfo/2017/05/1494846042364300.htm
27,http://www.hngp.gov.cn/webfile/sanmenxia/cgxx/jggg/webinfo/2017/05/1494846043073987.htm
28,http://www.hngp.gov.cn/webfile/xinxiang/cgxx/jggg/webinfo/2017/05/1494846042992513.htm
29,http://www.hngp.gov.cn/webfile/nanyang/cgxx/jggg/webinfo/2017/05/1494846042349836.htm
30,http://www.hngp.gov.cn/webfile/puyang/cgxx/jggg/webinfo/2017/05/1494846042300087.htm
31,http://www.hngp.gov.cn/webfile/zhoukou/cgxx/jggg/webinfo/2017/05/1494846042190733.htm
32,http://www.hngp.gov.cn/webfile/kaifeng/cgxx/jggg/webinfo/2017/05/1494846042013359.htm
33,http://www.hngp.gov.cn/webfile/zhoukou/cgxx/jggg/webinfo/2017/05/1494846042069485.htm
34,http://www.hngp.gov.cn/webfile/zhongmou/cgxx/jggg/webinfo/2017/05/1494846042155824.htm
35,http://www.hngp.gov.cn/webfile/nanyang/cgxx/jggg/webinfo/2017/05/1494846042121186.htm
36,http://www.hngp.gov.cn/webfile/zhumadian/cgxx/jggg/webinfo/2017/05/1494846041843493.htm
37,http://www.hngp.gov.cn/webfile/zhengzhou/cgxx/jggg/webinfo/2017/05/1494846042067533.htm
38,http://www.hngp.gov.cn/webfile/nanyang/cgxx/jggg/webinfo/2017/05/1494846041714196.htm
39,http://www.hngp.gov.cn/webfile/zhongmou/cgxx/jggg/webinfo/2017/05/1494846041806053.htm
40,http://www.hngp.gov.cn/webfile/nanyang/cgxx/jggg/webinfo/2017/05/1494846041712577.htm
41,http://www.hngp.gov.cn/webfile/zhengzhou/cgxx/jggg/webinfo/2017/05/1494846042760324.htm
42,http://www.hngp.gov.cn/webfile/luoyang/zgxx/jggg/webinfo/2017/05/1494846042607709.htm
43,http://www.hngp.gov.cn/webfile/kaifeng/cgxx/jggg/webinfo/2017/05/1494846042621483.htm
44,http://www.hngp.gov.cn/webfile/luoyang/zgxx/jggg/webinfo/2017/05/1494846042656088.htm
45,http://www.hngp.gov.cn/webfile/luoyang/zgxx/jggg/webinfo/2017/05/1494846041672912.htm
46,http://www.hngp.gov.cn/webfile/luoyang/zgxx/jggg/webinfo/2017/05/1494846042552272.htm
47,http://www.hngp.gov.cn/webfile/luoyang/zgxx/jggg/webinfo/2017/05/1494846041680927.htm
48,http://www.hngp.gov.cn/webfile/puyang/cgxx/jggg/webinfo/2017/05/1494846042443502.htm
49,http://www.hngp.gov.cn/webfile/nanyang/cgxx/jggg/webinfo/2017/05/1494846041589095.htm
50,http://www.hngp.gov.cn/webfile/nanyang/cgxx/jggg/webinfo/2017/05/1494846041507954.htm
51,http://www.hngp.gov.cn/webfile/jiaozuo/cgxx/jggg/webinfo/2017/05/1494846042327044.htm
52,http://www.hngp.gov.cn/webfile/nanyang/cgxx/jggg/webinfo/2017/05/1494846042256821.htm
53,http://www.hngp.gov.cn/webfile/zhumadian/cgxx/jggg/webinfo/2017/05/1494846041468776.htm
54,http://www.hngp.gov.cn/webfile/xinyang/cgxx/jggg/webinfo/2017/05/1494846041492026.htm
55,http://www.hngp.gov.cn/webfile/zhumadian/cgxx/jggg/webinfo/2017/05/1494846041272036.htm
56,http://www.hngp.gov.cn/webfile/sanmenxia/cgxx/jggg/webinfo/2017/05/1494846041391581.htm
57,http://www.hngp.gov.cn/webfile/zhongmou/cgxx/jggg/webinfo/2017/05/1494846041935536.htm
58,http://www.hngp.gov.cn/webfile/shangqiu/cgxx/jggg/webinfo/2017/05/1494846041900783.htm
59,http://www.hngp.gov.cn/webfile/zhengzhou/cgxx/jggg/webinfo/2017/05/1494846041849649.htm
60,http://www.hngp.gov.cn/webfile/anyang/cgxx/jggg/webinfo/2017/05/1494846041874895.htm
